{
  "middleware.ts": 1776799241.0926232,
  "trigger.config.ts": 1776799241.138968,
  "postcss.config.mjs": 1776799241.094063,
  "next.config.mjs": 1776799241.09288,
  "next-env.d.ts": 1776886510.9534802,
  "types/workflow.ts": 1776887789.2874177,
  "trigger/tasks/extract-frame.ts": 1776799241.139409,
  "trigger/tasks/crop-image.ts": 1776799241.1392617,
  "trigger/tasks/llm.ts": 1776799241.139555,
  "app/layout.tsx": 1776799241.0747132,
  "app/page.tsx": 1776799241.074984,
  "app/not-found.tsx": 1776799241.0748682,
  "app/sign-up/[[...sign-up]]/page.tsx": 1776799241.0758026,
  "app/features/ai-upscaler/page.tsx": 1776799241.0738213,
  "app/features/ai-image-generator/page.tsx": 1776799241.073547,
  "app/features/ai-video-generator/page.tsx": 1776799241.074082,
  "app/features/api/page.tsx": 1776799241.07435,
  "app/dashboard/layout.tsx": 1776799241.06887,
  "app/dashboard/page.tsx": 1776799241.0701413,
  "app/dashboard/settings/page.tsx": 1776799241.071233,
  "app/dashboard/3d/page.tsx": 1776799241.067138,
  "app/dashboard/video/page.tsx": 1776799241.0723417,
  "app/dashboard/lipsync/page.tsx": 1776799241.0691772,
  "app/dashboard/enhancer/page.tsx": 1776799241.068338,
  "app/dashboard/nano/page.tsx": 1776799241.0697634,
  "app/dashboard/workflows/page.tsx": 1776887935.678222,
  "app/dashboard/workflows/[id]/error.tsx": 1776799241.0726767,
  "app/dashboard/workflows/[id]/page.tsx": 1776799241.0728815,
  "app/dashboard/motion/page.tsx": 1776799241.0694942,
  "app/dashboard/video-restyle/page.tsx": 1776799241.0720189,
  "app/dashboard/[tool]/page.tsx": 1776799241.0674207,
  "app/dashboard/image/page.tsx": 1776799241.0686548,
  "app/dashboard/realtime/page.tsx": 1776799241.070857,
  "app/dashboard/edit/page.tsx": 1776799241.0680556,
  "app/dashboard/train/page.tsx": 1776799241.0715578,
  "app/dashboard/usage-statistics/page.tsx": 1776799241.0717869,
  "app/dashboard/assets/page.tsx": 1776799241.067718,
  "app/dashboard/pricing/page.tsx": 1776799241.0705848,
  "app/api/3d/generate/route.ts": 1776799241.0612378,
  "app/api/motion/generate/route.ts": 1776799241.0636222,
  "app/api/video-restyle/generate/route.ts": 1776799241.065031,
  "app/api/workflow/route.ts": 1776886302.6906343,
  "app/api/workflow/templates/route.ts": 1776887875.2838807,
  "app/api/workflow/[id]/route.ts": 1776886317.4908009,
  "app/api/workflow/[id]/run/route.ts": 1776925686.1889539,
  "app/api/workflow/[id]/export/route.ts": 1776799241.0654037,
  "app/api/workflow/[id]/runs/route.ts": 1776886333.7055159,
  "app/api/workflow/import/route.ts": 1776799241.0663552,
  "app/api/generate/video/route.ts": 1776799241.0632765,
  "app/api/generate/nano/route.ts": 1776799241.063053,
  "app/api/generate/image/route.ts": 1776799241.0627885,
  "app/api/generate/enhance/route.ts": 1776799241.0625052,
  "app/api/razorpay/create-order/route.ts": 1776799241.0639167,
  "app/api/execute/llm/route.ts": 1776799241.0621657,
  "app/api/execute/crop-image/route.ts": 1776799241.061647,
  "app/api/execute/extract-frame/route.ts": 1776799241.0618908,
  "app/api/runs/[runId]/route.ts": 1776799241.0642548,
  "app/api/upload/route.ts": 1776799241.064709,
  "app/api/upload/params/route.ts": 1776799241.0645607,
  "app/sign-in/[[...sign-in]]/page.tsx": 1776799241.0754843,
  "app/pricing/page.tsx": 1776799241.0751758,
  "prisma/seed.ts": 1776799241.0944679,
  "components/krea-pricing.tsx": 1776799241.0782456,
  "components/theme-provider.tsx": 1776799241.0814896,
  "components/krea-feature-cards.tsx": 1776799241.0773098,
  "components/krea-navbar.tsx": 1776799241.0779803,
  "components/trusted-by-marquee.tsx": 1776799241.0816307,
  "components/keyboard-shortcuts-modal.tsx": 1776799241.07717,
  "components/powers-million.tsx": 1776799241.080523,
  "components/pricing-section.tsx": 1776799241.080738,
  "components/model-showcase-section.tsx": 1776799241.0786953,
  "components/workflow-canvas.tsx": 1776925645.9901125,
  "components/features-tab-section.tsx": 1776799241.0766811,
  "components/use-cases-section.tsx": 1776799241.0910778,
  "components/krea-hero.tsx": 1776799241.0777247,
  "components/before-after-slider.tsx": 1776799241.076346,
  "components/referral-modal.tsx": 1776799241.0809436,
  "components/krea-footer.tsx": 1776799241.0775092,
  "components/simple-ui-section.tsx": 1776799241.081167,
  "components/hero-section.tsx": 1776799241.0768094,
  "components/theme-applier.tsx": 1776799241.0813563,
  "components/backed-by-section.tsx": 1776799241.0761304,
  "components/page-footer.tsx": 1776799241.080379,
  "components/history-sidebar.tsx": 1776799241.077036,
  "components/feature-grid.tsx": 1776799241.0764897,
  "components/mega-bento-grid.tsx": 1776799241.0785513,
  "components/ui/aspect-ratio.tsx": 1776799241.0822282,
  "components/ui/alert-dialog.tsx": 1776799241.081969,
  "components/ui/use-mobile.tsx": 1776799241.090789,
  "components/ui/pagination.tsx": 1776799241.0874577,
  "components/ui/tabs.tsx": 1776799241.089677,
  "components/ui/button-group.tsx": 1776799241.0828261,
  "components/ui/card.tsx": 1776799241.0833652,
  "components/ui/slider.tsx": 1776799241.0890336,
  "components/ui/input-group.tsx": 1776799241.0860326,
  "components/ui/popover.tsx": 1776799241.0875943,
  "components/ui/progress.tsx": 1776799241.0877268,
  "components/ui/toaster.tsx": 1776799241.0901997,
  "components/ui/input-otp.tsx": 1776799241.086185,
  "components/ui/chart.tsx": 1776799241.0837953,
  "components/ui/hover-card.tsx": 1776799241.0857868,
  "components/ui/sheet.tsx": 1776799241.0885746,
  "components/ui/field.tsx": 1776799241.0855088,
  "components/ui/scroll-area.tsx": 1776799241.0881217,
  "components/ui/resizable.tsx": 1776799241.0879936,
  "components/ui/label.tsx": 1776799241.0868788,
  "components/ui/sonner.tsx": 1776799241.089156,
  "components/ui/navigation-menu.tsx": 1776799241.087296,
  "components/ui/accordion.tsx": 1776799241.0818372,
  "components/ui/drawer.tsx": 1776799241.084948,
  "components/ui/empty.tsx": 1776799241.0853205,
  "components/ui/tooltip.tsx": 1776799241.090648,
  "components/ui/alert.tsx": 1776799241.0821059,
  "components/ui/use-toast.ts": 1776799241.0909476,
  "components/ui/switch.tsx": 1776799241.089423,
  "components/ui/calendar.tsx": 1776799241.0831826,
  "components/ui/breadcrumb.tsx": 1776799241.0826573,
  "components/ui/radio-group.tsx": 1776799241.087859,
  "components/ui/command.tsx": 1776799241.084305,
  "components/ui/item.tsx": 1776799241.086599,
  "components/ui/toggle-group.tsx": 1776799241.090356,
  "components/ui/avatar.tsx": 1776799241.0823863,
  "components/ui/menubar.tsx": 1776799241.0871077,
  "components/ui/kbd.tsx": 1776799241.0867393,
  "components/ui/dialog.tsx": 1776799241.084727,
  "components/ui/badge.tsx": 1776799241.0825171,
  "components/ui/sidebar.tsx": 1776799241.0887063,
  "components/ui/table.tsx": 1776799241.0895529,
  "components/ui/separator.tsx": 1776799241.0884316,
  "components/ui/button.tsx": 1776799241.0829742,
  "components/ui/toggle.tsx": 1776799241.0904887,
  "components/ui/toast.tsx": 1776799241.0900652,
  "components/ui/checkbox.tsx": 1776799241.0839405,
  "components/ui/spinner.tsx": 1776799241.0892837,
  "components/ui/collapsible.tsx": 1776799241.0840797,
  "components/ui/dropdown-menu.tsx": 1776799241.0851898,
  "components/ui/select.tsx": 1776799241.088306,
  "components/ui/textarea.tsx": 1776799241.0898426,
  "components/ui/input.tsx": 1776799241.0863316,
  "components/ui/skeleton.tsx": 1776799241.0888915,
  "components/ui/context-menu.tsx": 1776799241.084562,
  "components/ui/form.tsx": 1776799241.0856502,
  "components/ui/carousel.tsx": 1776799241.0835736,
  "components/nodes/image-upload-node.tsx": 1776799241.0797377,
  "components/nodes/llm-node.tsx": 1776887335.6481156,
  "components/nodes/extract-frame-node.tsx": 1776887354.798912,
  "components/nodes/image-gen-node.tsx": 1776887363.0660748,
  "components/nodes/crop-image-node.tsx": 1776887346.6620226,
  "components/nodes/text-node.tsx": 1776799241.0800438,